name,phone,website,email,address,region
The Heritage,N/A,N/A,N/A,N/A,USA
Charles The Real Estate Agent,N/A,N/A,N/A,N/A,USA
"The Bizzarro Agency, New York Real Estate Agents",N/A,N/A,N/A,N/A,USA
Manhattan Realty Group,N/A,N/A,N/A,N/A,USA
REAL New York,N/A,N/A,N/A,N/A,USA
"New York Property Agent, Weimin Tan",N/A,N/A,N/A,N/A,USA
ELIKA Real Estate,N/A,N/A,N/A,N/A,USA
Jeff Cohen Real Estate Agent New York City,N/A,N/A,N/A,N/A,USA
"Greg Lewis, Real Estate Profesional-Sotheby’s International Realty",N/A,N/A,N/A,N/A,USA
8899 Beverly,N/A,N/A,N/A,N/A,USA
Keyes Real Estate,N/A,N/A,N/A,N/A,USA
"Monica Der, Realtor",N/A,N/A,N/A,N/A,USA
TruLine Realty,N/A,N/A,N/A,N/A,USA
"Ian & Kimberly Rhodes, Real Estate Agents & Advisors",N/A,N/A,N/A,N/A,USA
Keller Williams Downtown Los Angeles - Raymond Wu,N/A,N/A,N/A,N/A,USA
Ross Weinstein Real Estate Group - Brentwood-Santa Monica-Los Angeles,N/A,N/A,N/A,N/A,USA
Grand Island Square,N/A,N/A,N/A,N/A,USA
Arte Grand Central,N/A,N/A,N/A,N/A,USA
David Freed Realtor | Miami Is Home | Keller Williams Realty,N/A,N/A,N/A,N/A,USA
Ivan and Mike Team | Top Luxury Real Estate Agents Miami,N/A,N/A,N/A,N/A,USA
Blackbook Properties,N/A,N/A,N/A,N/A,USA
"Sebastian Acosta, Realtor in Miami ️",N/A,N/A,N/A,N/A,USA
Jose Fuentes Real Estate Broker Fortune Christie's International,N/A,N/A,N/A,N/A,USA
Miami Realty Solution Group,N/A,N/A,N/A,N/A,USA
Dakota at Hillcroft,N/A,N/A,N/A,N/A,USA
Raburn Reserve by Risewell Homes,N/A,N/A,N/A,N/A,USA
Corcoran Prestige Realty,N/A,N/A,N/A,N/A,USA
Found Realty Group,N/A,N/A,N/A,N/A,USA
Houston Properties Team,N/A,N/A,N/A,N/A,USA
Cesar Espinoza Realtor/ Equity Houston,N/A,N/A,N/A,N/A,USA
The SOLD with Santos Group - ST&A Realtors - Houston Home Buying & Selling Experts,N/A,N/A,N/A,N/A,USA
CB Realty Team,N/A,N/A,N/A,N/A,USA
Pearson Realty Group,N/A,N/A,N/A,N/A,USA
369 Grand,N/A,N/A,N/A,N/A,USA
Patrick Shino Chicago Real Esate Broker,N/A,N/A,N/A,N/A,USA
Carrie McCormick #1 Chicago Real Estate Agent,N/A,N/A,N/A,N/A,USA
Vesta Preferred Realty,N/A,N/A,N/A,N/A,USA
Sam Shaffer Chicago Properties,N/A,N/A,N/A,N/A,USA
The Armando Chacon Group | Chicago Real Estate Agent,N/A,N/A,N/A,N/A,USA
One Real Estate Chicago,N/A,N/A,N/A,N/A,USA
B.R.E Group Appraisals,N/A,N/A,N/A,N/A,Canada
"Tamer Youssef | Real Estate, 1118 Centre Street, Thornhill, ON",N/A,N/A,N/A,N/A,Canada
The Ramos Team | Toronto Real Estate Agents,N/A,N/A,N/A,N/A,Canada
Wins Lai - Toronto Real Estate Broker,N/A,N/A,N/A,N/A,Canada
Fox Marin Associates | Toronto Real Estate Agent Team,N/A,N/A,N/A,N/A,Canada
the BREL team East | Toronto Real Estate Agents,N/A,N/A,N/A,N/A,Canada
Danielle in the City - Toronto Real Estate Agent,N/A,N/A,N/A,N/A,Canada
"Sivage Sivagumaran, CPA | Toronto & GTA Real Estate Broker",N/A,N/A,N/A,N/A,Canada
Robles Real Estate Group,N/A,N/A,N/A,N/A,Canada
"Place Real Estate Team | Oakwyn Realty | Vancouver, BC REALTOR",N/A,N/A,N/A,N/A,Canada
Pete Shpak - Vancouver Realtor - Vuppie Real Estate Team,N/A,N/A,N/A,N/A,Canada
The Vancouver Life Real Estate Group,N/A,N/A,N/A,N/A,Canada
Casey Archibald - Vancouver Realtor - RE/MAX - Archibald Real Estate Group,N/A,N/A,N/A,N/A,Canada
Ron Parpara PREC - Vancouver Realtor,N/A,N/A,N/A,N/A,Canada
Vancouver Realtor - Leo Wilk,N/A,N/A,N/A,N/A,Canada
JULY Real Estate Group - TOP 1% of Greater Vancouver - Han Lee Real Estate,N/A,N/A,N/A,N/A,Canada
Starck Uberoi Wealth,N/A,N/A,N/A,N/A,UK
RiverHomes,N/A,N/A,N/A,N/A,UK
Dolce Vita | Luxury Real Estate London,N/A,N/A,N/A,N/A,UK
King's Cross Estate Agents - Berkshire Hathaway HomeServices London,N/A,N/A,N/A,N/A,UK
Real Estate Agents London,N/A,N/A,N/A,N/A,UK
Greater London Properties (GLP) - Soho Estate Agents,N/A,N/A,N/A,N/A,UK
Dexters London Bridge Estate Agent,N/A,N/A,N/A,N/A,UK
Greater London Properties - Bloomsbury Estate Agents,N/A,N/A,N/A,N/A,UK
Wain Homes - North West,N/A,N/A,N/A,N/A,UK
MCR Move Ltd,N/A,N/A,N/A,N/A,UK
Reeds Rains Estate Agents Manchester,N/A,N/A,N/A,N/A,UK
The Manchester Estate Agent,N/A,N/A,N/A,N/A,UK
Savills Manchester Bridge Street,N/A,N/A,N/A,N/A,UK
Savills Manchester Booth Street,N/A,N/A,N/A,N/A,UK
Kaytons Estate Agents - Manchester,N/A,N/A,N/A,N/A,UK
The Estate Agent Manchester Ltd,N/A,N/A,N/A,N/A,UK
Cavendish Maxwell - Sharjah,N/A,N/A,N/A,N/A,Arabic
"White Swan Dental Clinic - Business Bay, Dubai",N/A,N/A,N/A,N/A,Arabic
Exclusive Links Real Estate Brokers Dubai,N/A,N/A,N/A,N/A,Arabic
Exclusive Links Real Estate Brokers Dubai Marina,N/A,N/A,N/A,N/A,Arabic
Real Choice Real Estate Brokers LLC,N/A,N/A,N/A,N/A,Arabic
Arabian Estates - Real Estate Agency Dubai,N/A,N/A,N/A,N/A,Arabic
Strada Real Estate Brokerage,N/A,N/A,N/A,N/A,Arabic
Christie’s International Real Estate Dubai,N/A,N/A,N/A,N/A,Arabic
كارولينا بالمز,N/A,N/A,N/A,N/A,Arabic
Cavendish Maxwell - Riyadh,N/A,N/A,N/A,N/A,Arabic
Century 21 Saudi Real Estate Services - سنشري 21 السعودية للخدمات العقارية,N/A,N/A,N/A,N/A,Arabic
Saudi Real Estate Company (Al Akaria),N/A,N/A,N/A,N/A,Arabic
ALBADIAREAL ESTATES,N/A,N/A,N/A,N/A,Arabic
Alqemam Estate Agents,N/A,N/A,N/A,N/A,Arabic
JLL Riyadh Real Estate,N/A,N/A,N/A,N/A,Arabic
Square Yards,N/A,N/A,N/A,N/A,Arabic
Expat Egypt Real Estate CairoZamalek Egypt,N/A,N/A,N/A,N/A,Arabic
Egyproperty Real-Estate Consultancy,N/A,N/A,N/A,N/A,Arabic
Real Estate Egypt,N/A,N/A,N/A,N/A,Arabic
Deal Real Estate,N/A,N/A,N/A,N/A,Arabic
Homes Egypt For Real Estate,N/A,N/A,N/A,N/A,Arabic
New Avenue Real Estate Consultancy,N/A,N/A,N/A,N/A,Arabic
Harunco Real Estate Agency,N/A,N/A,N/A,N/A,Arabic
Taskeen Real Estate (New Cairo),N/A,N/A,N/A,N/A,Arabic
Good Luck Property Consultant,N/A,N/A,N/A,N/A,Uganda
Realtor Victor,N/A,N/A,N/A,N/A,Uganda
Baron Realtors,N/A,N/A,N/A,N/A,Uganda
CREATOR WITHIN YOU,N/A,N/A,N/A,N/A,Uganda
Anderson Real Estate and Compound Design,N/A,N/A,N/A,N/A,Uganda
Kitara property limited Bunyoro,N/A,N/A,N/A,N/A,Uganda
Katatumba Properties Ltd,N/A,N/A,N/A,N/A,Uganda
Broll Uganda Limited,N/A,N/A,N/A,N/A,Uganda
Ocean Wales Property Agency,N/A,N/A,N/A,N/A,Uganda
Jengel Real Estates,N/A,N/A,N/A,N/A,Uganda
Real Estate/Property Rental,N/A,N/A,N/A,N/A,Uganda
Renewills Real Estates,N/A,N/A,N/A,N/A,Uganda
HMJ House Hill Road Entebbe,N/A,N/A,N/A,N/A,Uganda
Akwaaba Home Properties SMC Ltd.,N/A,N/A,N/A,N/A,Uganda
Happitech Property Consultants,N/A,N/A,N/A,N/A,Uganda
IPB Property Managers,N/A,N/A,N/A,N/A,Uganda
LEO (RESIDENCES) APARTMENTS,N/A,N/A,N/A,N/A,Africa
Coral Bells by TSAVO,N/A,N/A,N/A,N/A,Africa
Austine Realtors Limited - Real Estate Agency Nairobi,N/A,N/A,N/A,N/A,Africa
LM Realtors,N/A,N/A,N/A,N/A,Africa
Coral Property International Ltd,N/A,N/A,N/A,N/A,Africa
"Ace Realtors Limited - Nairobi, Kenya",N/A,N/A,N/A,N/A,Africa
Halifax Estate Agency Ltd,N/A,N/A,N/A,N/A,Africa
Ryden International - Real Estate Nairobi,N/A,N/A,N/A,N/A,Africa
Icempire Residence,N/A,N/A,N/A,N/A,Africa
Dirichi Properties,N/A,N/A,N/A,N/A,Africa
CW REAL ESTATE LAGOS,N/A,N/A,N/A,N/A,Africa
Houses for sale| Real Estate Agency in Ikeja Lagos| Real Estate in Lekki Lagos,N/A,N/A,N/A,N/A,Africa
Obasco Edge - Lagos Estate Agent,N/A,N/A,N/A,N/A,Africa
"T'DOS Properties | Real Estate Agency in Ikeja, Lekki, Ikoyi, Lagos.",N/A,N/A,N/A,N/A,Africa
"WestPoint Realtors Limited Lagos, Nigeria",N/A,N/A,N/A,N/A,Africa
"Property4naija | Property Agency In Ikeja, Lagos.",N/A,N/A,N/A,N/A,Africa
LuxLiv Property Group,N/A,N/A,N/A,N/A,Africa
Lion Pride Lifestyle Estate,N/A,N/A,N/A,N/A,Africa
Hendless Properties,N/A,N/A,N/A,N/A,Africa
Byron Thomas Properties,N/A,N/A,N/A,N/A,Africa
HOMESOLD PROPERTIES®️,N/A,N/A,N/A,N/A,Africa
Ennik Estates - Real Estate Agents,N/A,N/A,N/A,N/A,Africa
Providence Realty,N/A,N/A,N/A,N/A,Africa
Crescent Real Estate,N/A,N/A,N/A,N/A,Africa
Euphoria Accra,N/A,N/A,N/A,N/A,Africa
Devtraco Plus Limited,N/A,N/A,N/A,N/A,Africa
Romeoville Properties Ghana Limited,N/A,N/A,N/A,N/A,Africa
Penny Lane Real Estate Ghana limited,N/A,N/A,N/A,N/A,Africa
Rosewood Real Estate Services,N/A,N/A,N/A,N/A,Africa
Lusso Homes Accra | Real Estate Consultant,N/A,N/A,N/A,N/A,Africa
Akka Kappa Ltd,N/A,N/A,N/A,N/A,Africa
Nukand Real Estate,N/A,N/A,N/A,N/A,Africa
Nic & Wes Builders Pte Ltd,N/A,N/A,N/A,N/A,Asia
HOMEFIX SG PTE. LTD.,N/A,N/A,N/A,N/A,Asia
Pinnacle Estate Agency,N/A,N/A,N/A,N/A,Asia
Singapore Luxury Homes - Property Consultants in Luxury Homes in Singapore,N/A,N/A,N/A,N/A,Asia
"Singhousepro, Best Real Estate Agent in Singapore",N/A,N/A,N/A,N/A,Asia
JNA Real Estate,N/A,N/A,N/A,N/A,Asia
Propseller,N/A,N/A,N/A,N/A,Asia
Ohmyhome - Real Estate Services,N/A,N/A,N/A,N/A,Asia
The Prestige City,N/A,N/A,N/A,N/A,Asia
Hexagon Digital,N/A,N/A,N/A,N/A,Asia
Fortune Real Estate Agency,N/A,N/A,N/A,N/A,Asia
Wave Property -Real Estate Agency & Consultants Mumbai | Luxury Homes Andheri In Mumbai,N/A,N/A,N/A,N/A,Asia
Walk 2 Dreams Home LLP - The Real Estate Agency In Mumbai.,N/A,N/A,N/A,N/A,Asia
"A and Z Realtors® Mindspace ,Malad west - best real estate property consultancy in Mumbai",N/A,N/A,N/A,N/A,Asia
RK Mumbai Realtors,N/A,N/A,N/A,N/A,Asia
SHIVOM REAL ESTATE AGENCY,N/A,N/A,N/A,N/A,Asia
MET Live,N/A,N/A,N/A,N/A,Asia
Avida Towers Asten,N/A,N/A,N/A,N/A,Asia
RE/MAX Gold Philippines - Real Estate Brokerage,N/A,N/A,N/A,N/A,Asia
BedandGo Real Estate フィリピン 不動産管理,N/A,N/A,N/A,N/A,Asia
"La Theoz Real Estate Solution Services, Inc",N/A,N/A,N/A,N/A,Asia
Top Realty Corporation,N/A,N/A,N/A,N/A,Asia
Dream Home Real Estate PH,N/A,N/A,N/A,N/A,Asia
E-Homes Realty,N/A,N/A,N/A,N/A,Asia
Armani Signature Residence,N/A,N/A,N/A,N/A,Asia
Selangor & KL Property for Sale or Rental,N/A,N/A,N/A,N/A,Asia
Kommons Realty (Mont Kiara),N/A,N/A,N/A,N/A,Asia
The Roof Realty Sdn Bhd,N/A,N/A,N/A,N/A,Asia
Knight Frank Malaysia,N/A,N/A,N/A,N/A,Asia
Mohd Shah Dolah - Real Estate and Property Agent Kuala Lumpur,N/A,N/A,N/A,N/A,Asia
Estate By Suhaimy - Premium Real Estate Agent in Klang Valley,N/A,N/A,N/A,N/A,Asia
Sinland Real Estate HQ,N/A,N/A,N/A,N/A,Asia
